id,code,name,internal_type,issqn_percent,parent_id:id
sp_1,1,Construção Civil,view,,
sp_01015,1015,"Execução, por administração, empreitada ou subempreitada, de obra hidráulica e de outras obras semelhantes, inclusive sondagem, perfuração de poços, escavação, drenagem e irrigação (exceto o fornecimento de mercadorias produzidas pelo prestador de serviços fora do local da prestação dos serviços, que fica sujeito ao ICMS).",normal,5,sp_1
sp_01023,1023,"Execução, por administração, empreitada ou subempreitada, de obras de construção civil, elétrica e de outras obras semelhantes, e respectivos serviços auxiliares ou complementares, inclusive terraplanagem, pavimentação, concretagem e a instalação e montagem de produtos, peças e equipamentos que se agreguem ao imóvel (exceto o fornecimento de mercadorias produzidas pelo prestador de serviços fora do local da prestação dos serviços, que fica sujeito ao ICMS).",normal,5,sp_1
sp_01031,1031,Demolição.,normal,5,sp_1
sp_01058,1058,"Reparação, conservação e reforma de edifícios, estradas, pontes, portos e congêneres (exceto o fornecimento de mercadorias produzidas pelo prestador dos serviços, fora do local da prestação dos serviços, que fica sujeito ao ICMS).",normal,5,sp_1
sp_01090,1090,"Escoramento, contenção de encostas e serviços congêneres.",normal,5,sp_1
sp_01104,1104,Carpintaria e serralheria.,normal,5,sp_1
sp_01112,1112,"Prestação de serviço do grupo Construção Civil, prestado por profissional autônomo.",normal,5,sp_1
sp_2,2,Manutenção e Decoração de Imóveis,view,,
sp_01139,1139,"Jardinagem, inclusive corte e poda de árvores (profissional autônomo).",normal,2,sp_2
sp_01210,1210,Paisagismo.,normal,5,sp_2
sp_01228,1228,"Colocação e instalação de tapetes, carpetes, assoalhos, cortinas, revestimentos de parede, vidros, divisórias, placas de gesso e congêneres, com material fornecido pelo tomador do serviço.",normal,5,sp_2
sp_01236,1236,"Recuperação, raspagem, polimento e lustração de pisos e congêneres.",normal,5,sp_2
sp_01244,1244,Calafetação.,normal,5,sp_2
sp_01325,1325,"Varrição, coleta, remoção, incineração, tratamento, reciclagem, separação e destinação final de lixo, rejeitos e outros resíduos quaisquer.",normal,5,sp_2
sp_01384,1384,"Limpeza, manutenção e conservação de vias e logradouros públicos, parques, jardins e congêneres.",normal,5,sp_2
sp_01406,1406,"Limpeza, manutenção e conservação de imóveis, chaminés, piscinas e congêneres, inclusive fossas.",normal,2,sp_2
sp_01422,1422,"Limpeza, manutenção e conservação de imóveis, chaminés, piscinas e congêneres, inclusive fossas, prestados por profissional autônomo.",normal,2,sp_2
sp_01430,1430,Decoração.,normal,5,sp_2
sp_01449,1449,"Jardinagem, inclusive corte e poda de árvores.",normal,5,sp_2
sp_01465,1465,"Dedetização, desinfecção, desinsetização, imunização, higienização, desratização, pulverização e congêneres.",normal,5,sp_2
sp_01473,1473,"Limpeza e dragagem de rios, portos, canais, baías, lagos, lagoas, represas, açudes e congêneres.",normal,5,sp_2
sp_01481,1481,"Serviços de exploração de rodovia mediante cobrança de preço ou pedágio dos usuários, envolvendo execução de serviços de conservação, manutenção, melhoramentos para adequação de capacidade e segurança de trânsito, operação, monitoração, assistência aos usuários e outros serviços definidos em contratos, atos de concessão ou de permissão ou em normas oficiais.",normal,5,sp_2
sp_01503,1503,"Prestação de serviço não referenciado em outro código do grupo Manutenção e Decoração de Imóveis, prestado por profissional autônomo.",normal,5,sp_2
sp_3,3,Técnico-Científico,view,,
sp_01520,1520,"Engenharia, agronomia, arquitetura, urbanismo e congêneres.",normal,5,sp_3
sp_01538,1538,"Engenheiro, agrônomo, arquiteto, urbanista e congêneres (profissional autônomo).",normal,5,sp_3
sp_01546,1546,"Engenharia, agronomia, arquitetura, urbanismo e congêneres (regime especial - sociedade).",normal,5,sp_3
sp_01589,1589,"Agrimensura, geologia e congêneres.",normal,5,sp_3
sp_01600,1600,"Agrimensor, geólogo e congêneres (profissional autônomo).",normal,5,sp_3
sp_01627,1627,"Agrimensura, geologia e congêneres (regime especial - sociedade).",normal,5,sp_3
sp_01694,1694,"Elaboração de planos diretores, estudos de viabilidade, estudos organizacionais e outros, relacionados com obras e serviços de engenharia; elaboração de anteprojetos, projetos básicos e projetos executivos para trabalhos de engenharia.",normal,5,sp_3
sp_01724,1724,"Controle e tratamento de efluentes de qualquer natureza e de agentes físicos, químicos e biológicos.",normal,5,sp_3
sp_01740,1740,"Florestamento, reflorestamento, semeadura, adubação e congêneres.",normal,5,sp_3
sp_01805,1805,"Acompanhamento e fiscalização da execução de obras de engenharia, arquitetura e urbanismo.",normal,5,sp_3
sp_01821,1821,"Aerofotogrametria (inclusive interpretação), cartografia, mapeamento, levantamentos topográficos, batimétricos, geográficos, geodésicos, geológicos, geofísicos e congêneres.",normal,5,sp_3
sp_01848,1848,"Cartógrafo, geógrafo, profissional de geodésia e geofísico (profissional autônomo).",normal,5,sp_3
sp_01856,1856,Topógrafo (profissional autônomo).,normal,5,sp_3
sp_01864,1864,"Pesquisa, perfuração, cimentação, mergulho, perfilagem, concretação, testemunhagem, pescaria, estimulação e outros serviços relacionados com a exploração e explotação de petróleo, gás natural e de outros recursos minerais.",normal,5,sp_3
sp_01872,1872,Nucleação e bombardeamento de nuvens e congêneres.,normal,5,sp_3
sp_01880,1880,Assistência técnica.,normal,5,sp_3
sp_01899,1899,"Planejamento, coordenação, programação ou organização técnica, financeira ou administrativa.",normal,5,sp_3
sp_01902,1902,"Perícias, laudos, exames técnicos e análises técnicas, inclusive institutos psicotécnicos.",normal,5,sp_3
sp_01903,1903,Inspeção ambiental veicular,normal,5,sp_3
sp_02020,2020,"Perícias, laudos, exames técnicos e análises técnicas, sem exigência de formação em nível superior (profissional autônomo).",normal,5,sp_3
sp_02038,2038,Análise de Organização e Métodos.,normal,5,sp_3
sp_02054,2054,Desenho industrial.,normal,5,sp_3
sp_02062,2062,Desenhista industrial (profissional autônomo).,normal,5,sp_3
sp_02097,2097,Serviços de assistência social.,normal,5,sp_3
sp_02100,2100,Assistente social (profissional autônomo).,normal,5,sp_3
sp_02119,2119,Serviços de avaliação de bens e serviços de qualquer natureza.,normal,5,sp_3
sp_02135,2135,Avaliador (profissional autônomo).,normal,5,sp_3
sp_02143,2143,"Serviços de biologia, biotecnologia e química.",normal,5,sp_3
sp_02151,2151,"Serviços técnicos em edificações, eletrônica, eletrotécnica, mecânica, telecomunicações e congêneres.",normal,5,sp_3
sp_02186,2186,Serviços de desenhos técnicos.,normal,5,sp_3
sp_02194,2194,Desenhista técnico (profissional autônomo).,normal,5,sp_3
sp_02216,2216,Serviços de meteorologia.,normal,5,sp_3
sp_02224,2224,Serviços de museologia.,normal,5,sp_3
sp_02232,2232,"Prestação de serviço não referenciado em outro código do grupo Técnico-Científico, prestado por profissional autônomo.",normal,5,sp_3
sp_4,4,Transporte Municipal,view,,
sp_02321,2321,"Transporte público de passageiros, realizado pela Companhia do
Metropolitano de São Paulo – METRÔ.",normal,2,sp_4
sp_02330,2330,Transporte por ônibus (concessionária e permissionárias).,normal,,sp_4
sp_02348,2348,Transporte por táxi (profissional autônomo).,normal,2,sp_4
sp_02364,2364,"Transporte por táxi, explorado por pessoa jurídica.",normal,2,sp_4
sp_02402,2402,Transporte de escolares.,normal,2,sp_4
sp_02410,2410,Transporte de escolares (profissional autônomo).,normal,2,sp_4
sp_02429,2429,"Transporte de pessoas, por qualquer meio, dentro do território do município.",normal,5,sp_4
sp_02445,2445,"Transporte de bens ou valores, dentro do território do Município (inclusive auto-socorro e transporte de veículos).",normal,5,sp_4
sp_02453,2453,"Serviços de coleta, remessa ou entrega de correspondências, documentos, objetos, bens ou valores, realizados pelos correios e suas agências franqueadas.",normal,5,sp_4
sp_02461,2461,"Serviços de coleta, remessa ou entrega de correspondências, documentos, objetos, bens ou valores, realizados inclusive por courrier e congêneres.",normal,5,sp_4
sp_02488,2488,"Prestação de serviço não referenciado em outro código do grupo Transporte Municipal, prestado por profissional autônomo.",normal,5,sp_4
sp_5,5,Mercadologia e Comunicação,view,,
sp_02496,2496,"Propaganda e publicidade, inclusive promoção de vendas,  planejamento de campanhas ou sistemas de publicidade, elaboração de desenhos, textos e demais materiais publicitários.",normal,5,sp_5
sp_02500,2500,"Serviços de programação visual, comunicação visual e congêneres.",normal,5,sp_5
sp_02526,2526,"Repórter, assessor de imprensa, jornalista e relações públicas (profissional autônomo).",normal,5,sp_5
sp_02534,2534,"Serviços de reportagem, assessoria de imprensa, jornalismo e relações públicas.",normal,5,sp_5
sp_02542,2542,"Prestação de serviço não referenciado em outro código do grupo Mercadologia e Comunicação, prestado por profissional autônomo.",normal,5,sp_5
sp_6,6,"Jurídicos, Econômicos e Técnico-Administrativos",view,,
sp_02658,2658,Análise e desenvolvimento de sistemas.,normal,5,sp_6
sp_02666,2666,Programação.,normal,5,sp_6
sp_02682,2682,"Processamento de dados, outros serviços de informática não referenciados em outro código do grupo Jurídicos, Econômicos e Técnico-Administrativo e congêneres.",normal,5,sp_6
sp_02690,2690,"Elaboração de programas de computadores (software), inclusive de jogos eletrônicos.",normal,2,sp_6
sp_02798,2798,"Licenciamento ou cessão de direito de uso de programas de computação, inclusive distribuição.",normal,2,sp_6
sp_02836,2836,"Serviços de pesquisas e desenvolvimento de qualquer natureza, elaboração de programas de computadores (software), inclusive de jogos eletrônicos, e licenciamento ou cessão de direito de uso de programas de computação, inclusive distribuição (profissional autônomo).",normal,2,sp_6
sp_02879,2879,Assessoria e consultoria em informática.,normal,5,sp_6
sp_02917,2917,"Suporte técnico em informática, inclusive instalação, configuração e manutenção de programas de computação e bancos de dados.",normal,3,sp_6
sp_02918,2918,"Suporte técnico em informática, inclusive instalação, configuração e manutenção de programas de computação e bancos de dados. (profissional autônomo).",normal,3,sp_6
sp_02933,2933,"Planejamento, confecção, manutenção e atualização de páginas eletrônicas.",normal,5,sp_6
sp_03085,3085,Serviços de pesquisas e desenvolvimento de qualquer natureza.,normal,2,sp_6
sp_03093,3093,"Análise, exame, pesquisa, coleta, compilação e fornecimento de dados e informações de qualquer natureza, inclusive cadastro e similares.",normal,5,sp_6
sp_03115,3115,"Assessoria ou consultoria de qualquer natureza, não contida em outros itens desta lista.",normal,5,sp_6
sp_03123,3123,Tradução e interpretação.,normal,5,sp_6
sp_03131,3131,Tradutor e intérprete (profissional autônomo).,normal,5,sp_6
sp_03158,3158,"Datilografia, digitação, estenografia, expediente, secretaria em geral, resposta audível (telemarketing), redação, edição, revisão, apoio e infra- estrutura administrativa e congêneres.",normal,5,sp_6
sp_03166,3166,"Datilógrafo, digitador, estenógrafo, expediente, secretaria em geral, resposta audível (telemarketing), redator, editor, revisor, apoio e infra- estrutura administrativa e congêneres (profissional autônomo).",normal,5,sp_6
sp_03174,3174,"Datilógrafo, não estabelecido (profissional autônomo).",normal,2,sp_6
sp_03204,3204,"Administração em geral, inclusive de bens e negócios de terceiros, exceto imóveis.",normal,5,sp_6
sp_03212,3212,Administração de imóveis.,normal,5,sp_6
sp_03220,3220,Advocacia.,normal,5,sp_6
sp_03239,3239,Advogado (profissional autônomo).,normal,5,sp_6
sp_03379,3379,Advocacia (regime especial - sociedade).,normal,5,sp_6
sp_03387,3387,"Arbitragem de qualquer espécie, inclusive jurídica.",normal,5,sp_6
sp_03395,3395,Auditoria.,normal,5,sp_6
sp_03425,3425,Auditor (profissional autônomo).,normal,5,sp_6
sp_03433,3433,Auditoria (regime especial - sociedade).,normal,5,sp_6
sp_03450,3450,Atuária e cálculos técnicos de qualquer natureza.,normal,5,sp_6
sp_03468,3468,Atuário e calculista técnico (profissional autônomo).,normal,5,sp_6
sp_03476,3476,"Contabilidade, inclusive serviços técnicos e auxiliares.",normal,5,sp_6
sp_03611,3611,"Contador e congêneres, com nível superior (profissional autônomo).",normal,5,sp_6
sp_03620,3620,"Contador, técnico em contabilidade, guarda-livros e congêneres (regime especial - sociedade).",normal,5,sp_6
sp_03638,3638,"Técnico em contabilidade, guarda-livros e congêneres (profissional autônomo).",normal,5,sp_6
sp_03654,3654,Consultoria e assessoria econômica ou financeira.,normal,5,sp_6
sp_03670,3670,Economista (profissional autônomo).,normal,5,sp_6
sp_03700,3700,Economistas (regime especial - sociedade).,normal,5,sp_6
sp_03719,3719,Estatística.,normal,5,sp_6
sp_03743,3743,"Assessoria, análise, avaliação, atendimento, consulta, cadastro, seleção, gerenciamento de informações, administração de contas a receber ou a pagar e em geral, relacionados a operações de faturização (""factoring"").",normal,5,sp_6
sp_03751,3751,"Apresentação de palestras, conferências, seminários e congêneres.",normal,5,sp_6
sp_03877,3877,"Serviços de registros públicos, cartorários e notariais, exceto autenticação de documentos, reconhecimento de firmas e prestação de informações por qualquer forma ou meio quando o interessado dispensar a certidão correspondente.",normal,2,sp_6
sp_03878,3878,"Autenticação de documentos, reconhecimento de firmas e prestação de informações por qualquer forma ou meio quando o interessado dispensar a certidão correspondente, prestados por notários, oficiais de registro ou seus prepostos.",normal,2,sp_6
sp_03956,3956,Serviços de biblioteconomia.,normal,5,sp_6
sp_03980,3980,"Prestação de serviço não referenciado em outro código do grupo Jurídicos, Econômicos e Técnico-Administrativo, prestado por profissional autônomo.",normal,5,sp_6
sp_7,7,Saúde,view,,
sp_04030,4030,Medicina e biomedicina.,normal,2,sp_7
sp_04073,4073,Médico e biomédico (profissional autônomo).,normal,2,sp_7
sp_04111,4111,Medicina e biomedicina (regime especial - sociedade).,normal,2,sp_7
sp_04138,4138,"Análises clínicas, radioterapia, quimioterapia, ultra-sonografia, ressonância magnética, radiologia, tomografia e congêneres.",normal,2,sp_7
sp_04146,4146,"Análises clínicas, patologia, eletricidade médica, radioterapia, quimioterapia, ultra-sonografia, ressonância magnética, radiologia, tomografia e congêneres (profissional autônomo).",normal,2,sp_7
sp_04154,4154,"Análises clínicas, patologia, eletricidade médica, radioterapia, quimioterapia, ultra-sonografia, ressonância magnética, radiologia, tomografia e congêneres (regime especial - sociedade).",normal,2,sp_7
sp_04170,4170,Laboratórios.,normal,2,sp_7
sp_04189,4189,Hospitais.,normal,2,sp_7
sp_04197,4197,Clínicas e casas de saúde.,normal,2,sp_7
sp_04219,4219,Ambulatórios e prontos socorros.,normal,2,sp_7
sp_04235,4235,"Sanatórios, manicômios e congêneres.",normal,2,sp_7
sp_04251,4251,Instrumentação cirúrgica.,normal,2,sp_7
sp_04260,4260,Acupuntura.,normal,2,sp_7
sp_04278,4278,Acupunturista (profissional autônomo).,normal,2,sp_7
sp_04316,4316,"Enfermagem, inclusive serviços auxiliares.",normal,2,sp_7
sp_04340,4340,Enfermeiro (profissional autônomo).,normal,2,sp_7
sp_04359,4359,"Enfermagem, inclusive serviços auxiliares (regime especial - sociedade).",normal,2,sp_7
sp_04375,4375,"Técnico em enfermagem, inclusive serviços auxiliares (profissional autônomo).",normal,2,sp_7
sp_04383,4383,Serviços farmacêuticos.,normal,2,sp_7
sp_04391,4391,Fisioterapia.,normal,2,sp_7
sp_04421,4421,Fisioterapeuta (profissional autônomo).,normal,2,sp_7
sp_04430,4430,Fisioterapia (regime especial - sociedade).,normal,2,sp_7
sp_04472,4472,Fonoaudiologia.,normal,2,sp_7
sp_04499,4499,Fonoaudiólogo (profissional autônomo).,normal,2,sp_7
sp_04502,4502,Fonoaudiologia (regime especial - sociedade).,normal,2,sp_7
sp_04510,4510,Terapia ocupacional.,normal,2,sp_7
sp_04545,4545,Terapeuta ocupacional (profissional autônomo).,normal,2,sp_7
sp_04553,4553,Terapia ocupacional (regime especial - sociedade).,normal,2,sp_7
sp_04588,4588,"Terapias de qualquer espécie destinadas ao tratamento físico, orgânico e mental, inclusive massoterapia, naturologia e naturopatia.",normal,2,sp_7
sp_04596,4596,"Terapeuta de qualquer espécie destinado ao tratamento físico, orgânico e mental, inclusive massoterapia, naturologia e naturopatia (profissional autônomo).",normal,2,sp_7
sp_04626,4626,Nutrição.,normal,2,sp_7
sp_04634,4634,Obstetrícia.,normal,2,sp_7
sp_04650,4650,Obstetra (profissional autônomo).,normal,2,sp_7
sp_04677,4677,Obstetrícia (regime especial - sociedade).,normal,2,sp_7
sp_04693,4693,Odontologia.,normal,2,sp_7
sp_04723,4723,Dentista (profissional autônomo).,normal,2,sp_7
sp_04731,4731,Odontologia (regime especial - sociedade).,normal,2,sp_7
sp_04774,4774,Ortóptica.,normal,2,sp_7
sp_04871,4871,Ortóptico (profissional autônomo).,normal,2,sp_7
sp_04901,4901,Ortóptica (regime especial - sociedade).,normal,2,sp_7
sp_05037,5037,Próteses sob encomenda.,normal,2,sp_7
sp_05053,5053,Protético (profissional autônomo).,normal,2,sp_7
sp_05096,5096,Próteses sob encomenda (regime especial - sociedade).,normal,2,sp_7
sp_05100,5100,Psicanálise.,normal,2,sp_7
sp_05118,5118,Psicologia.,normal,2,sp_7
sp_05134,5134,"Psicólogo, clínico ou não (profissional autônomo).",normal,2,sp_7
sp_05142,5142,"Psicologia, clínica ou não (regime especial - sociedade).",normal,2,sp_7
sp_05150,5150,Casas de repouso e congêneres.,normal,2,sp_7
sp_05177,5177,Creches.,normal,2,sp_7
sp_05185,5185,Asilos.,normal,2,sp_7
sp_05193,5193,"Inseminação artificial, fertilização ""in vitro"" e congêneres.",normal,2,sp_7
sp_05223,5223,"Bancos de sangue, leite, pele, olhos, óvulos, sêmen e congêneres.",normal,2,sp_7
sp_05231,5231,"Coleta de sangue, leite, tecidos, sêmen, órgãos e materiais biológicos de qualquer espécie.",normal,2,sp_7
sp_05266,5266,"Unidade de atendimento, assistência ou tratamento móvel e congêneres.",normal,2,sp_7
sp_05274,5274,"Planos de medicina de grupo ou individual e convênios para prestação de assistência médica, hospitalar, odontológica e congêneres.",normal,2,sp_7
sp_05312,5312,"Outros planos de saúde que se cumpram através de serviços de terceiros contratados, credenciados, cooperados ou apenas pagos pelo operador do plano mediante indicação do beneficiário.",normal,2,sp_7
sp_05380,5380,Medicina veterinária e zootecnia.,normal,2,sp_7
sp_05398,5398,Médico veterinário e zootécnico (profissional autônomo).,normal,2,sp_7
sp_05410,5410,Medicina veterinária e zootecnia (regime especial - sociedade).,normal,2,sp_7
sp_05428,5428,"Hospitais, clínicas, ambulatórios, prontos-socorros e congêneres, na área veterinária.",normal,2,sp_7
sp_05436,5436,Laboratórios de análise na área veterinária.,normal,2,sp_7
sp_05460,5460,"Inseminação artificial, fertilização ""in vitro"" e congêneres, na área veterinária.",normal,2,sp_7
sp_05479,5479,"Bancos de sangue e de órgãos e congêneres, na área veterinária.",normal,2,sp_7
sp_05495,5495,"Coleta de sangue, leite, tecidos, sêmen, órgãos e materiais biológicos de qualquer espécie, na área veterinária.",normal,2,sp_7
sp_05517,5517,"Unidade de atendimento, assistência ou tratamento móvel e congêneres, na área veterinária.",normal,2,sp_7
sp_05533,5533,Planos de atendimento e assistência médico-veterinária.,normal,2,sp_7
sp_05541,5541,"Prestação de serviço não referenciado em outro código do grupo Saúde, prestado por profissional autônomo.",normal,2,sp_7
sp_05576,5576,Patologia e eletricidade médica.,normal,2,sp_7
sp_05584,5584,Casas de recuperação.,normal,2,sp_7
sp_8,8,Educação,view,,
sp_05657,5657,"Ginástica, dança, esportes, natação, artes marciais e demais atividades físicas.",normal,2,sp_8
sp_05665,5665,"Instrutor de ginástica, dança, esportes, natação, artes marciais e demais atividades físicas (profissional autônomo).",normal,2,sp_8
sp_05673,5673,"Ensino regular pré-escolar, fundamental e médio, inclusive cursos profissionalizantes.",normal,2,sp_8
sp_05681,5681,"Professor de ensino regular pré-escolar, fundamental e médio, inclusive cursos profissionalizantes (profissional autônomo).",normal,2,sp_8
sp_05690,5690,"Ensino superior, cursos de graduação e demais cursos seqüenciais.",normal,2,sp_8
sp_05711,5711,"Ensino superior, cursos de pós-graduação, mestrado, doutorado, pós- doutorado.",normal,2,sp_8
sp_05720,5720,"Professor de ensino superior, inclusive cursos de graduação, pós- graduação, mestrado, doutorado, pós-doutorado e demais cursos seqüenciais (profissional autônomo).",normal,2,sp_8
sp_05738,5738,"Auto-escolas, moto-escolas e congêneres.",normal,5,sp_8
sp_05754,5754,"Outros serviços de instrução, treinamento, orientação pedagógica e educacional, avaliação de conhecimentos de qualquer natureza (profissional autônomo).",normal,5,sp_8
sp_05762,5762,"Outros serviços de instrução, treinamento, orientação pedagógica e educacional, avaliação de conhecimentos de qualquer natureza.",normal,5,sp_8
sp_9,9,"Bancários, Financeiros e Securitários",view,,
sp_05771,5771,Administração de fundos quaisquer.,normal,2,sp_9
sp_05800,5800,Organização e administração de consórcios.,normal,5,sp_9
sp_05820,5820,Administração de cartão de crédito ou débito e congêneres.,normal,2,sp_9
sp_05836,5836,Administração de carteira de clientes.,normal,2,sp_9
sp_05837,5837,Administração de cheques pré-datados e congêneres.,normal,5,sp_9
sp_05851,5851,"Arrendamento mercantil (""leasing"") de quaisquer bens, inclusive cessão de direitos e obrigações, substituição de garantia, alteração, cancelamento e registro de contrato, e demais serviços relacionados ao arrendamento mercantil (""leasing"").",normal,2,sp_9
sp_05878,5878,"Abertura de contas em geral, inclusive conta-corrente, conta de investimentos e aplicação e caderneta de poupança, no País e no exterior, bem como a manutenção das referidas contas ativas e inativas.",normal,5,sp_9
sp_05870,5870,"Locação e manutenção de cofres particulares, de terminais eletrônicos, de terminais de atendimento e de bens e equipamentos em geral.",normal,5,sp_9
sp_05871,5871,"Fornecimento ou emissão de atestados em geral, inclusive atestado de idoneidade, atestado de capacidade financeira e congêneres.",normal,5,sp_9
sp_05872,5872,"Cadastro, elaboração de ficha cadastral, renovação cadastral e congêneres, inclusão ou exclusão no Cadastro de Emitentes de Cheques sem Fundos - CCF ou em quaisquer outros bancos cadastrais.",normal,5,sp_9
sp_05873,5873,"Emissão, reemissão e fornecimento de avisos, comprovantes e documentos em geral; abono de firmas; coleta e entrega de documentos, bens e valores; comunicação com outra agência ou com a administração central; licenciamento eletrônico de veículos; transferência de veículos; agenciamento fiduciário ou depositário; devolução de bens em custódia.",normal,5,sp_9
sp_05874,5874,"Acesso, movimentação, atendimento e consulta a contas em geral, por qualquer meio ou processo, inclusive por telefone, fac-símile, internet e telex, acesso a terminais de atendimento, inclusive vinte e quatro horas; acesso a outro banco e à rede compartilhada; fornecimento de saldo, extrato e demais informações relativas a contas em geral, por qualquer meio ou processo.",normal,5,sp_9
sp_05875,5875,"Emissão, reemissão, alteração, cessão, substituição, cancelamento e registro de contrato de crédito; estudo, análise e avaliação de operações de crédito; emissão, concessão, alteração ou contratação de aval, fiança, anuência e congêneres; serviços relativos à abertura de crédito, para quaisquer fins.",normal,5,sp_9
sp_05876,5876,"Serviços relacionados a cobranças e recebimentos em geral, de títulos quaisquer, de contas ou carnês, de câmbio, de tributos e por conta de terceiros, inclusive os efetuados por meio eletrônico, automático ou por máquinas de atendimento; fornecimento de posição de cobrança, recebimento ou pagamento; emissão de fichas de compensação, impressos e documentos em geral.",normal,5,sp_9
sp_05877,5877,"Serviços relacionados a pagamentos em geral, de títulos quaisquer, de contas ou carnês, de câmbio, de tributos e por conta de terceiros, inclusive os efetuados por meio eletrônico, automático ou por máquinas de atendimento; emissão de carnês.",normal,5,sp_9
sp_05879,5879,"Devolução de títulos, protesto de títulos, sustação de protesto, manutenção de títulos, reapresentação de títulos, e demais serviços a eles relacionados.",normal,5,sp_9
sp_05881,5881,"Serviços relacionados a operações de câmbio em geral, edição, alteração, prorrogação, cancelamento e baixa de contrato de câmbio; emissão de registro de exportação ou de crédito; cobrança ou depósito no exterior; emissão, fornecimento e cancelamento de cheques de viagem; fornecimento, transferência, cancelamento e demais serviços relativos à carta de crédito de importação, exportação e garantias recebidas; envio e recebimento de mensagens em geral relacionadas a operações de câmbio.",normal,5,sp_9
sp_05885,5885,"Emissão, fornecimento, devolução, sustação, cancelamento e oposição de cheques quaisquer, avulso ou por talão.",normal,5,sp_9
sp_05886,5886,"Serviços relacionados a crédito imobiliário, avaliação e vistoria de imóvel ou obra, análise técnica e jurídica, emissão, reemissão, alteração, transferência e renegociação de contrato, emissão e reemissão do termo de quitação e demais serviços relacionados a crédito imobiliário.",normal,5,sp_9
sp_05887,5887,"Fornecimento, emissão, reemissão, renovação e manutenção de cartão magnético, cartão de crédito, cartão de débito, cartão salário e congêneres.",normal,2,sp_9
sp_05888,5888,"Custódia em geral, inclusive de títulos e valores mobiliários, realizada pela Bolsa de Valores, Mercadorias e Futuros - BM&FBOVESPA S.A.",normal,2,sp_9
sp_05889,5889,"Custódia em geral, inclusive de títulos e valores mobiliários.",normal,5,sp_9
sp_05890,5890,"Compensação de títulos quaisquer; serviços relacionados a depósito, inclusive depósito identificado, a saque de contas quaisquer, por qualquer meio ou processo, inclusive em terminais eletrônicos e de atendimento, realizados pela Bolsa de Valores, Mercadorias e Futuros - BM&FBOVESPA S.A.",normal,2,sp_9
sp_05891,5891,"Compensação de cheques e títulos quaisquer; serviços relacionados a depósito, inclusive depósito identificado, a saque de contas quaisquer, por qualquer meio ou processo, inclusive em terminais eletrônicos e de atendimento.",normal,5,sp_9
sp_05892,5892,"Emissão, reemissão, liquidação, alteração, cancelamento e baixa de ordens de pagamento, ordens de crédito e similares, por qualquer meio ou processo; serviços relacionados à transferência de valores, dados, fundos, pagamentos e similares, inclusive entre contas em geral, realizados pela Bolsa de Valores, Mercadorias e Futuros - BM&FBOVESPA S.A.",normal,2,sp_9
sp_05893,5893,"Emissão, reemissão, liquidação, alteração, cancelamento e baixa de ordens de pagamento, ordens de crédito e similares, por qualquer meio ou processo; serviços relacionados à transferência de valores, dados, fundos, pagamentos e similares, inclusive entre contas em geral.",normal,5,sp_9
sp_05894,5894,Administração de distribuição de co-seguros.,normal,5,sp_9
sp_05916,5916,Serviços de regulação de sinistros vinculados a contratos de seguros,normal,5,sp_9
sp_10,10,Representação,view,,
sp_05991,5991,"Representante de qualquer natureza, inclusive comercial (profissional autônomo).",normal,5,sp_10
sp_06009,6009,"Representação de qualquer natureza, inclusive comercial.",normal,5,sp_10
sp_06017,6017,Distribuidor de bens de terceiros (profissional autônomo).,normal,5,sp_10
sp_06041,6041,Distribuição de bens de terceiros.,normal,5,sp_10
sp_11,11,"Agenciamento, Correntagem e Intermediação",view,,
sp_06050,6050,"Agenciamento, corretagem ou intermediação de planos de previdência privada.",normal,5,sp_11
sp_06076,6076,"Agenciamento, corretagem ou intermediação de câmbio.",normal,5,sp_11
sp_06084,6084,Agenciamento ou intermediação de seguros.,normal,5,sp_11
sp_06092,6092,"Agenciamento, corretagem ou intermediação de cartões de crédito.",normal,5,sp_11
sp_06114,6114,"Agenciamento, corretagem ou intermediação de planos de saúde.",normal,5,sp_11
sp_06122,6122,"Agente, corretor ou intermediário de câmbio, de seguros, de cartões de crédito, de planos de saúde e de planos de previdência privada, exceto corretor de seguros (profissional autônomo).",normal,5,sp_11
sp_06130,6130,Corretagem de seguros.,normal,2,sp_11
sp_06149,6149,Corretor de seguros (profissional autônomo).,normal,2,sp_11
sp_06157,6157,"Agenciamento, corretagem ou intermediação de títulos em geral, valores mobiliários e contratos quaisquer.",normal,5,sp_11
sp_06165,6165,"Agente, corretor ou intermediário de títulos em geral, valores mobiliários e contratos quaisquer (profissional autônomo).",normal,5,sp_11
sp_06173,6173,"Agenciamento, corretagem ou intermediação de direitos de propriedade industrial (inclusive marcas e patentes), artística ou literária.",normal,5,sp_11
sp_06181,6181,"Agente, corretor ou intermediário de direitos de propriedade industrial (inclusive marcas e patentes), artística ou literária (profissional autônomo).",normal,5,sp_11
sp_06190,6190,"Agenciamento, corretagem ou intermediação de contratos de arrendamento mercantil (""leasing"").",normal,5,sp_11
sp_06220,6220,"Agenciamento, corretagem ou intermediação de contratos de franquia (""franchising"").",normal,5,sp_11
sp_06238,6238,"Agenciamento, corretagem ou intermediação de contratos de faturização (""factoring"").",normal,5,sp_11
sp_06262,6262,"Agente, corretor ou intermediário de contratos de arrendamento mercantil (""leasing""), de franquia (""franchising"") e de faturização (""factoring"") (profissional autônomo).",normal,5,sp_11
sp_06270,6270,"Agenciamento, corretagem ou intermediação de bens, realizados no âmbito de Bolsas de Mercadorias e Futuros, por quaisquer meios.",normal,5,sp_11
sp_06297,6297,"Agenciamento, corretagem ou intermediação de bens móveis ou imóveis, não abrangidos em outros itens ou subitens, por quaisquer meios.",normal,5,sp_11
sp_06319,6319,"Agente, corretor ou intermediário de bens móveis ou imóveis, não abrangidos em outros itens ou subitens, inclusive aqueles realizados no âmbito de Bolsas de Mercadorias e Futuros, por quaisquer meios (profissional autônomo).",normal,5,sp_11
sp_06335,6335,Agenciamento marítimo.,normal,5,sp_11
sp_06343,6343,Agente marítimo (profissional autônomo).,normal,5,sp_11
sp_06351,6351,Agenciamento de notícias.,normal,5,sp_11
sp_06386,6386,Agente de notícias (profissional autônomo).,normal,5,sp_11
sp_06394,6394,"Agenciamento de publicidade e propaganda, inclusive o agenciamento de veiculação por quaisquer meios.",normal,5,sp_11
sp_06432,6432,"Agente de publicidade e propaganda, inclusive o de veiculação por quaisquer meios (profissional autônomo).",normal,5,sp_11
sp_06475,6475,"Recrutamento, agenciamento, seleção e colocação de mão-de-obra.",normal,5,sp_11
sp_06491,6491,"Fornecimento de mão-de-obra, mesmo em caráter temporário, inclusive de empregados ou trabalhadores, avulsos ou temporários, contratados pelo prestador de serviço.",normal,2,sp_11
sp_06513,6513,"Fornecimento de mão-de-obra, mesmo em caráter temporário, inclusive de empregados ou trabalhadores, avulsos ou temporários, contratados pelo prestador de serviço (profissional autônomo).",normal,2,sp_11
sp_06521,6521,"Franquia (""franchising"").",normal,5,sp_11
sp_06530,6530,Leilão e congêneres.,normal,5,sp_11
sp_06556,6556,Leiloeiro e congêneres (profissional autônomo).,normal,5,sp_11
sp_06564,6564,"Cobranças e recebimentos por conta de terceiros, protestos de títulos, sustação de protestos, devolução de títulos não pagos, manutenção de títulos vencidos, fornecimentos de posição de cobrança ou recebimento e outros serviços correlatos (exceto serviços de instituições financeiras).",normal,5,sp_11
sp_06572,6572,"Funerais, inclusive fornecimento de caixão, urna ou esquifes; aluguel de capela; transporte do corpo cadavérico; fornecimento de flores, coroas e outros paramentos; desembaraço de certidão de óbito; fornecimento de véu, essa e outros adornos; embalsamento, embelezamento, conservação ou restauração de cadáveres.",normal,5,sp_11
sp_06599,6599,Cremação de corpos e partes de corpos cadavéricos.,normal,5,sp_11
sp_06602,6602,Planos ou convênio funerários.,normal,5,sp_11
sp_06610,6610,Manutenção e conservação de jazigos e cemitérios.,normal,5,sp_11
sp_06637,6637,"Serviços de desembaraço aduaneiro, comissários, despachantes e congêneres.",normal,5,sp_11
sp_06645,6645,"Serviços de desembaraço aduaneiro, comissários, despachantes e congêneres (profissional autônomo).",normal,5,sp_11
sp_06653,6653,"Prestação de serviço não referenciado em outro código do grupo Agenciamento, Corretagem e Intermediação, prestado por profissional autônomo.",normal,5,sp_11
sp_12,12,"Fotográficos, Cinematográficos, Reprográficos, Gráficos e Afins",view,,
sp_06777,6777,"Produção, mediante ou sem encomenda prévia, de eventos, espetáculos, entrevistas, shows, ballet, danças, desfiles, bailes, teatros, óperas, concertos, recitais, festivais e congêneres.",normal,5,sp_12
sp_06793,6793,"Fonografia ou gravação de sons, inclusive trucagem, dublagem, mixagem e congêneres.",normal,5,sp_12
sp_06807,6807,"Fotografia e cinematografia, inclusive revelação, ampliação, cópia, retocagem, reprodução, trucagem e congêneres (inclusive para televisão).",normal,5,sp_12
sp_06815,6815,"Reprografia, microfilmagem e digitalização.",normal,5,sp_12
sp_06831,6831,Colocação de molduras e congêneres.,normal,5,sp_12
sp_06840,6840,Colocador de molduras e congêneres (profissional autônomo).,normal,5,sp_12
sp_06858,6858,"Encadernação, gravação e douração de livros, revistas e congêneres.",normal,5,sp_12
sp_06890,6890,"Encadernador, gravador e dourador de livros, revistas e congêneres (profissional autônomo).",normal,5,sp_12
sp_06912,6912,"Artes gráficas, tipografia, diagramação, paginação e gravação.",normal,2,sp_12
sp_06920,6920,"Artes gráficas, tipografia, diagramação, paginação e gravação (profissional autônomo).",normal,2,sp_12
sp_06939,6939,"Composição gráfica, fotocomposição, clicheria, zincografia, litografia, fotolitografia, estereotipia, serigrafia e outras matrizes de impressão.",normal,2,sp_12
sp_06955,6955,"Composição gráfica, fotocomposição, clicheria, zincografia, litografia, fotolitografia, estereotipia, serigrafia e outras matrizes de impressão (profissional autônomo).",normal,2,sp_12
sp_06963,6963,"Serviços de chaveiros, confecção de carimbos, placas, sinalização visual, banners, adesivos e congêneres.",normal,5,sp_12
sp_06971,6971,"Prestação de serviço não referenciado em outro código do grupo Fotográficos, Cinematográficos, Reprográficos e Afins, prestado por profissional autônomo.",normal,5,sp_12
sp_13,13,"Turismo, Hospedagem, Eventos e Assemelhados",view,,
sp_07005,7005,Hospedagem em hotéis e hotelaria marítima.,normal,5,sp_13
sp_07013,7013,"Hospedagem em pensões, albergues, pousadas, hospedarias, ocupação por temporada com fornecimento de serviços e congêneres.",normal,5,sp_13
sp_07056,7056,Hospedagem em motéis.,normal,5,sp_13
sp_07099,7099,"Hospedagem em apart-service condominiais, flat, apart-hotéis, hotéis residência, residence-service, suite service e congêneres.",normal,5,sp_13
sp_07110,7110,"Agente, organizador, promotor, intermediário e executor de programas de turismo, passeios, viagens, excursões, hospedagens e congêneres (profissional autônomo).",normal,5,sp_13
sp_07129,7129,"Agenciamento, organização, promoção, intermediação e execução de programas de turismo, passeios, viagens, excursões, hospedagens e congêneres.",normal,5,sp_13
sp_07137,7137,Guias de turismo.,normal,5,sp_13
sp_07153,7153,Guia de turismo (profissional autônomo).,normal,5,sp_13
sp_07161,7161,"Planejamento, organização e administração de feiras, exposições, congressos e congêneres.",normal,2,sp_13
sp_07170,7170,"Planejamento, organização e administração de feiras, exposições, congressos e congêneres (profissional autônomo).",normal,2,sp_13
sp_07196,7196,"Organização de festas e recepções; bufê (exceto o fornecimento de alimentação e bebidas, que fica sujeito ao ICMS).",normal,5,sp_13
sp_07218,7218,"Recreação e animação, inclusive em festas e eventos de qualquer natureza.",normal,5,sp_13
sp_07234,7234,"Prestação de serviço não referenciado em outro código do grupo Turismo, Hospedagem, Eventos e Assemelhados, prestado por profissional autônomo.",normal,5,sp_13
sp_14,14,"Instalação, Colocação e Montagem de Bens",view,,
sp_07285,7285,"Instalação e montagem de aparelhos, máquinas e equipamentos, prestados ao usuário final, exclusivamente com material por ele fornecido.",normal,5,sp_14
sp_07315,7315,"Instalação e montagem industrial, prestada ao usuário final, exclusivamente com material por ele fornecido.",normal,5,sp_14
sp_07323,7323,"Prestação de serviço do grupo Instalação, Colocação e Montagem de Bens, prestado por profissional autônomo.",normal,5,sp_14
sp_15,15,"Conservação, Limpeza e Reparação de Bens Móveis",view,,
sp_07331,7331,Lustração de bens móveis.,normal,5,sp_15
sp_07366,7366,"Lubrificação, lavagem e limpeza não automáticas de veículos, exceto em postos de gasolina.",normal,5,sp_15
sp_07390,7390,"Lubrificação, lavagem e limpeza de veículos, inclusive automáticas, em postos de gasolina.",normal,5,sp_15
sp_07412,7412,"Lubrificação, lavagem e limpeza automáticas de veículos, exceto em postos de gasolina.",normal,5,sp_15
sp_07439,7439,"Lubrificação, limpeza, revisão de máquinas, aparelhos, equipamentos, motores, elevadores e objetos de qualquer natureza, exceto veículos.",normal,5,sp_15
sp_07447,7447,"Carga e recarga de aparelhos, equipamentos e objetos de quaisquer natureza.",normal,5,sp_15
sp_07455,7455,"Conserto, restauração, manutenção, conservação e pintura de veículos, exceto os serviços executados por concessionária ou revendedor autorizado (exceto peças e partes empregadas, que ficam sujeitas ao ICMS).",normal,5,sp_15
sp_07471,7471,"Conserto, restauração, manutenção, conservação e pintura de veículos executados por concessionária ou revendedor autorizado (exceto peças e partes empregadas, que ficam sujeitas ao ICMS).",normal,5,sp_15
sp_07498,7498,"Conserto, restauração, manutenção e conservação de máquinas, aparelhos, equipamentos, motores, elevadores ou de quaisquer outros objetos, exceto veículos (exceto peças e partes empregadas, que ficam sujeitas ao ICMS).",normal,5,sp_15
sp_07510,7510,Blindagem .,normal,5,sp_15
sp_07528,7528,Sapateiro remendão (profissional autônomo).,normal,2,sp_15
sp_07536,7536,"Afiador de utensílios domésticos e afinador de instrumentos musicais, não estabelecidos (profissional autônomo).",normal,2,sp_15
sp_07552,7552,"Retífica e recondicionamento de motores (exceto peças e partes empregadas, que ficam sujeitas ao ICMS).",normal,5,sp_15
sp_07560,7560,"Recauchutagem ou regeneração de pneus, borracharia.",normal,5,sp_15
sp_07579,7579,"Restauração, recondicionamento, acondicionamento, pintura, beneficiamento, lavagem, secagem, tingimento, galvanoplastia, anodização, corte, recorte, polimento, plastificação e congêneres, de objetos quaisquer.",normal,5,sp_15
sp_07595,7595,"Alfaiataria, costura e congêneres, quando o material for fornecido pelo usuário final, exceto aviamento.",normal,5,sp_15
sp_07609,7609,"Alfaiataria, costura e congêneres, quando o material for fornecido pelo usuário final, exceto aviamento (profissional autônomo).",normal,2,sp_15
sp_07617,7617,Tinturaria e lavanderia.,normal,5,sp_15
sp_07633,7633,Tintureiro individual.,normal,5,sp_15
sp_07641,7641,Tapeçaria e reforma de estofamentos em geral.,normal,5,sp_15
sp_07676,7676,"Funilaria e lanternagem, incluindo a pintura.",normal,5,sp_15
sp_07684,7684,"Prestação de serviço não referenciado em outro código do grupo Conservação e Limpeza e Reparação de Bens Móveis, prestado por profissional autônomo.",normal,5,sp_15
sp_07692,7692,Engraxate (profissional autônomo).,normal,2,sp_15
sp_16,16,Guarda e Locação,view,,
sp_07765,7765,Cessão de direito de uso de marcas e de sinais de propaganda.,normal,5,sp_16
sp_07773,7773,"Exploração de salões de festas, centro de convenções, escritórios virtuais, ""stands"", quadras esportivas, estádios, ginásios, auditórios, casas de espetáculos, parques de diversões, canchas e congêneres, para realização de eventos ou negócios de qualquer natureza.",normal,5,sp_16
sp_07790,7790,"Locação, sublocação, arrendamento, direito de passagem ou permissão de uso, compartilhado ou não, de ferrovia, rodovia, postes, cabos, dutos e condutos de qualquer natureza.",normal,5,sp_16
sp_07803,7803,"Cessão de andaimes, palcos, coberturas e outras estruturas de uso temporário.",normal,5,sp_16
sp_07811,7811,Guarda e estacionamento de veículos terrestres automotores.,normal,5,sp_16
sp_07838,7838,"Guarda e estacionamento de veículos terrestres automotores, em postos de gasolina.",normal,5,sp_16
sp_07846,7846,"Guarda e estacionamento de veículos terrestres automotores, do tipo ""valet service"".",normal,5,sp_16
sp_07854,7854,Guarda e estacionamento de aeronaves e de embarcações.,normal,5,sp_16
sp_07870,7870,"Vigilância, segurança ou monitoramento de bens e pessoas.",normal,2,sp_16
sp_07889,7889,"Vigilância, segurança ou monitoramento de bens e pessoas (profissional autônomo).",normal,2,sp_16
sp_07897,7897,"Escolta, inclusive de veículos e cargas.",normal,2,sp_16
sp_07919,7919,"Escolta, inclusive de veículos e cargas (profissional autônomo).",normal,2,sp_16
sp_07927,7927,"Armazenamento, depósito, carga, descarga, arrumação e guarda de bens de qualquer espécie.",normal,5,sp_16
sp_07951,7951,"Serviços portuários, ferroportuários, utilização de porto, movimentação de passageiros, reboque de embarcações, rebocador escoteiro, atracação, desatracação, serviços de praticagem, capatazia, armazenagem de qualquer natureza, serviços acessórios, movimentação de mercadorias, serviços de apoio marítimo, de movimentação ao largo, serviços de armadores, estiva, conferência, logística e congêneres.",normal,5,sp_16
sp_07960,7960,"Serviços aeroportuários, utilização de aeroporto, movimentação de passageiros, armazenagem de qualquer natureza, capatazia, movimentação de aeronaves, serviços de apoio aeroportuários, serviços acessórios, movimentação de mercadorias, logística e congêneres.",normal,5,sp_16
sp_07978,7978,"Serviços de terminais rodoviários, ferroviários, metroviários, movimentação de passageiros, mercadorias, inclusive suas operações, logística e congêneres.",normal,5,sp_16
sp_08036,8036,"Prestação de serviço não referenciado em outro código do grupo Guarda e Locação, prestado por profissional autônomo.",normal,5,sp_16
sp_17,17,Diversões Públicas,view,,
sp_08044,8044,"Prestação de serviço não referenciado em outro código do grupo Diversões Públicas, prestado por profissional autônomo.",normal,5,sp_17
sp_08045,8045,"Prestação de serviços relacionados a espetáculos teatrais, espetáculos circenses, parques de diversões, centros de lazer, óperas, ballet, danças, concertos, recitais e congêneres, prestados por profissional autônomo.",normal,2,sp_17
sp_08052,8052,Espetáculos teatrais.,normal,,sp_17
sp_08079,8079,Exibições cinematográficas.,normal,,sp_17
sp_08087,8087,Espetáculos circenses.,normal,,sp_17
sp_08095,8095,Programas de auditório.,normal,5,sp_17
sp_08117,8117,"Parques de diversões, centros de lazer e congêneres.",normal,2,sp_17
sp_08125,8125,"Boates, taxi-dancing, night-club, cabaré, danceteria, casas noturnas, bares noturnos, restaurantes dançantes e outros estabelecimentos de diversão pública com cobrança de couvert artístico e congêneres.",normal,5,sp_17
sp_08133,8133,"Shows, bailes, desfiles, festivais e congêneres.",normal,,sp_17
sp_08168,8168,"Óperas, ballet, danças, concertos, recitais e congêneres.",normal,,sp_17
sp_08176,8176,"Feiras, exposições, congressos e congêneres.",normal,5,sp_17
sp_08192,8192,Corridas e competições de animais.,normal,5,sp_17
sp_08206,8206,"Competições esportivas ou de destreza física ou intelectual, com ou sem a participação do espectador.",normal,5,sp_17
sp_08214,8214,"Desfiles de blocos carnavalescos ou folclóricos, trios elétricos e congêneres.",normal,,sp_17
sp_08257,8257,"Parques de diversões, centros de lazer e congêneres (contribuinte não estabelecido no Município de São Paulo).",normal,2,sp_17
sp_08273,8273,"Prestação de serviço de Diversões Públicas, prestado por contribuinte não estabelecido no Município de São Paulo.",normal,,sp_17
sp_08274,8274,"Espetáculos teatrais e espetáculos circenses, óperas, ballet, danças, concertos, recitais e congêneres (contribuinte não estabelecido no Município de São Paulo).",normal,,sp_17
sp_08281,8281,Competições esportivas - Grande Prêmio Brasil de Fórmula 1. Quando prestado por contribuinte estabelecido no Município de São Paulo.,normal,2,sp_17
sp_08290,8290,Competições esportivas - Grande Prêmio Brasil de Fórmula 1. Quando prestado por contribuinte não estabelecido no Município de São Paulo.,normal,2,sp_17
sp_08230,8230,"Exibição de filmes, entrevistas, musicais, espetáculos, shows, concertos, desfiles, óperas, competições esportivas, de destreza intelectual ou congêneres.",normal,5,sp_17
sp_08311,8311,"Bilhar por tempo (snooker), bilhar por ficha e pebolim.",normal,5,sp_17
sp_08320,8320,Boliche.,normal,5,sp_17
sp_08338,8338,"Divertimento eletrônico, inclusive vitrola automática, cabines privê, computadores, videogames, videokê e demais equipamentos acionados por fichas, cartões, ou quaisquer outros dispositivos.",normal,5,sp_17
sp_08354,8354,"Divertimento eletrônico, inclusive vitrola automática, cabines privê, computadores, videogames, videokê e demais equipamentos acionados por fichas, cartões, ou quaisquer outros dispositivos, serviços prestados em estabelecimentos instalados em shopping centers e parques de diversões.",normal,5,sp_17
sp_08362,8362,"Máquina Eletronicamente Programável ou outra máquina de entretenimento, com distribuição de prêmios.",normal,5,sp_17
sp_08370,8370,"Máquina Eletronicamente Programável ou outra máquina de entretenimento, com distribuição de prêmios, instalada em estabelecimentos do tipo bingo.",normal,5,sp_17
sp_08397,8397,"Carteado, dominó, víspora, e outros tipos de diversões com cobrança facultativa de ingresso.",normal,5,sp_17
sp_08400,8400,"Execução de música, individualmente ou por conjunto.",normal,5,sp_17
sp_08419,8419,"Fornecimento de música para ambientes fechados ou não, mediante transmissão por qualquer processo.",normal,5,sp_17
sp_08478,8478,"Distribuição e venda de cartelas, sorteios ou prêmios em bingos, telebingos e assemelhados.",normal,5,sp_17
sp_08486,8486,"Serviços de distribuição e venda de bilhetes e demais produtos de loteria, cartões, pules ou cupons de apostas, sorteios, prêmios, inclusive os decorrentes de títulos de capitalização e congêneres.",normal,5,sp_17
sp_18,18,Higiene e Apresentação Pessoal,view,,
sp_08494,8494,"Barbearia, cabeleireiros, manicuros, pedicuros e congêneres.",normal,5,sp_18
sp_08516,8516,"Esteticistas, tratamento de pele, depilação e congêneres.",normal,5,sp_18
sp_08532,8532,"Banhos, duchas, sauna, massagens e congêneres.",normal,5,sp_18
sp_08567,8567,"Centros de emagrecimento, ""spa"" e congêneres.",normal,5,sp_18
sp_08575,8575,"Prestação de serviço do grupo Higiene, e Apresentação Pessoal, prestado por profissional autônomo.",normal,5,sp_18
sp_19,19,Diversos,view,,
sp_08648,8648,"Guarda, tratamento, amestramento, embelezamento, alojamento e congêneres, relativos a animais.",normal,2,sp_19
sp_08656,8656,"Guardador, tratador, amestrador, embelezador, alojador e congêneres, relativos a animais (profissional autônomo).",normal,2,sp_19
sp_08664,8664,Detetive particular (profissional autônomo).,normal,5,sp_19
sp_08672,8672,"Serviços de investigações particulares, detetives e congêneres.",normal,5,sp_19
sp_08770,8770,"Artista circense e músico, não estabelecido (profissional autônomo).",normal,2,sp_19
sp_08842,8842,"Serviços de artistas, atletas, modelos e manequins.",normal,5,sp_19
sp_08850,8850,"Artistas, atletas, modelos e manequins (profissional autônomo).",normal,5,sp_19
sp_08885,8885,Serviços de ourivesaria e lapidação (quando o material for fornecido pelo tomador do serviço).,normal,5,sp_19
sp_08893,8893,Serviços relativos a obras de arte sob encomenda.,normal,5,sp_19
sp_08899,8899,"Prestação de serviço não referenciado em outro código do grupo Diversos, prestado por profissional autônomo.",normal,5,sp_19
